timestamp,open,high,low,close,volume
2020-01-02,48.060001373291016,48.41999816894531,47.880001068115234,48.41999816894531,16708100.0
2020-01-03,47.90999984741211,48.13999938964844,47.47999954223633,47.630001068115234,15577400.0
2020-01-06,47.13999938964844,47.81999969482422,47.0099983215332,47.79999923706055,22183600.0
2020-01-07,47.720001220703125,47.720001220703125,47.099998474121094,47.4900016784668,16501900.0
2020-01-08,46.970001220703125,47.790000915527344,46.810001373291016,47.52000045776367,25175900.0
2020-01-09,47.790000915527344,47.880001068115234,47.06999969482422,47.31999969482422,18203600.0
2020-01-10,47.47999954223633,47.560001373291016,47.060001373291016,47.130001068115234,13502600.0
2020-01-13,47.310001373291016,47.97999954223633,47.29999923706055,47.970001220703125,18237400.0
2020-01-14,47.959999084472656,47.9900016784668,47.619998931884766,47.790000915527344,17948700.0
2020-01-15,47.91999816894531,48.400001525878906,47.7599983215332,48.0099983215332,16289400.0
2020-01-16,48.380001068115234,49.08000183105469,48.22999954223633,49.04999923706055,20094900.0
2020-01-17,49.310001373291016,49.540000915527344,48.869998931884766,49.02000045776367,27176200.0
2020-01-21,48.959999084472656,49.20000076293945,48.66999816894531,48.79999923706055,21771800.0
2020-01-22,49.279998779296875,49.529998779296875,49.040000915527344,49.06999969482422,15186000.0
2020-01-23,49.0,49.18000030517578,48.40999984741211,49.0,16767700.0
2020-01-24,49.220001220703125,49.47999954223633,48.540000915527344,48.849998474121094,14066700.0
2020-01-27,47.88999938964844,48.06999969482422,47.27000045776367,47.470001220703125,20666000.0
2020-01-28,47.52000045776367,47.970001220703125,47.5,47.77000045776367,14035100.0
2020-01-29,47.970001220703125,47.97999954223633,46.93000030517578,47.04999923706055,14273600.0
2020-01-30,46.540000915527344,47.27000045776367,46.2599983215332,47.2400016784668,14822600.0
2020-01-31,46.9900016784668,47.0,45.84000015258789,45.970001220703125,20069900.0
2020-02-03,46.400001525878906,46.83000183105469,46.209999084472656,46.529998779296875,15374900.0
2020-02-04,47.220001220703125,47.709999084472656,47.11000061035156,47.619998931884766,13947300.0
2020-02-05,48.33000183105469,48.599998474121094,48.150001525878906,48.45000076293945,17042300.0
2020-02-06,48.689998626708984,48.81999969482422,48.220001220703125,48.689998626708984,9814800.0
2020-02-07,48.599998474121094,48.77000045776367,47.869998931884766,47.970001220703125,16807500.0
2020-02-10,47.9900016784668,48.88999938964844,47.880001068115234,48.869998931884766,19012700.0
2020-02-11,49.38999938964844,49.709999084472656,48.86000061035156,49.130001068115234,23168300.0
2020-02-12,49.43000030517578,50.279998779296875,49.400001525878906,49.93000030517578,31686200.0
2020-02-13,47.150001525878906,47.66999816894531,46.58000183105469,47.31999969482422,47044700.0
2020-02-14,47.15999984741211,47.220001220703125,46.47999954223633,46.970001220703125,26747200.0
2020-02-18,46.81999969482422,46.849998474121094,46.290000915527344,46.59000015258789,18546300.0
2020-02-19,46.689998626708984,46.810001373291016,45.900001525878906,46.290000915527344,27626400.0
2020-02-20,46.09000015258789,46.959999084472656,45.900001525878906,46.849998474121094,20416700.0
2020-02-21,46.72999954223633,46.849998474121094,46.04999923706055,46.29999923706055,20028700.0
2020-02-24,45.0,45.68000030517578,44.0,44.0,35295900.0
2020-02-25,44.04999923706055,44.209999084472656,42.06999969482422,42.7400016784668,48024700.0
2020-02-26,42.970001220703125,43.380001068115234,41.939998626708984,42.15999984741211,38513200.0
2020-02-27,41.279998779296875,42.099998474121094,40.0099983215332,40.040000915527344,51442900.0
2020-02-28,38.70000076293945,40.54999923706055,38.349998474121094,39.93000030517578,80188000.0
2020-03-02,40.150001525878906,41.189998626708984,38.91999816894531,41.16999816894531,48864300.0
2020-03-03,41.2599983215332,41.900001525878906,39.709999084472656,40.040000915527344,49294700.0
2020-03-04,40.720001220703125,41.45000076293945,39.79999923706055,41.38999938964844,30022100.0
2020-03-05,40.16999816894531,40.5099983215332,39.290000915527344,39.56999969482422,30255900.0
2020-03-06,38.0,39.95000076293945,37.79999923706055,39.68000030517578,48605600.0
2020-03-09,36.900001525878906,39.560001373291016,36.290000915527344,37.959999084472656,61535300.0
2020-03-10,39.25,40.150001525878906,37.869998931884766,40.08000183105469,50536500.0
2020-03-11,39.02000045776367,39.15999984741211,36.369998931884766,37.04999923706055,63594300.0
2020-03-12,34.5,35.81999969482422,33.0,33.20000076293945,51855300.0
2020-03-13,35.18000030517578,37.68000030517578,33.33000183105469,37.63999938964844,53859600.0
2020-03-16,33.22999954223633,36.9900016784668,32.400001525878906,33.709999084472656,44211300.0
2020-03-17,34.70000076293945,36.25,33.599998474121094,35.5,41572400.0
2020-03-18,33.7599983215332,37.709999084472656,33.310001373291016,37.119998931884766,56904300.0
2020-03-19,37.04999923706055,39.31999969482422,36.150001525878906,37.709999084472656,58319700.0
2020-03-20,38.27000045776367,38.470001220703125,35.400001525878906,35.599998474121094,48582500.0
2020-03-23,35.5099983215332,35.81999969482422,33.7400016784668,34.599998474121094,39823400.0
2020-03-24,36.40999984741211,38.68000030517578,35.540000915527344,38.599998474121094,48235600.0
2020-03-25,38.650001525878906,39.95000076293945,37.5,37.66999816894531,42873900.0
2020-03-26,37.970001220703125,40.91999816894531,37.369998931884766,40.58000183105469,38473300.0
2020-03-27,39.209999084472656,40.150001525878906,38.40999984741211,38.81999969482422,31278600.0
2020-03-30,39.45000076293945,40.4900016784668,38.959999084472656,40.31999969482422,27120300.0
2020-03-31,40.130001068115234,40.41999816894531,39.11000061035156,39.310001373291016,26014200.0
2020-04-01,38.16999816894531,38.86000061035156,37.869998931884766,38.33000183105469,26790700.0
2020-04-02,37.84000015258789,39.95000076293945,37.470001220703125,39.79999923706055,28180500.0
2020-04-03,39.81999969482422,40.290000915527344,38.540000915527344,39.060001373291016,21235200.0
2020-04-06,40.459999084472656,41.68000030517578,39.779998779296875,41.43000030517578,31641400.0
2020-04-07,42.65999984741211,42.7400016784668,40.59000015258789,40.63999938964844,30366100.0
2020-04-08,41.16999816894531,42.20000076293945,40.869998931884766,41.7400016784668,22683500.0
2020-04-09,42.09000015258789,42.20000076293945,40.849998474121094,41.20000076293945,27643900.0
2020-04-13,41.040000915527344,41.459999084472656,40.529998779296875,41.220001220703125,19592000.0
2020-04-14,41.90999984741211,42.81999969482422,41.529998779296875,42.779998779296875,22882400.0
2020-04-15,42.20000076293945,42.369998931884766,41.22999954223633,41.52000045776367,18428800.0
2020-04-16,41.7599983215332,41.790000915527344,40.68000030517578,41.5,26178000.0
2020-04-17,42.25,42.63999938964844,41.7400016784668,42.47999954223633,30701500.0
2020-04-20,41.91999816894531,43.290000915527344,41.790000915527344,42.540000915527344,23438800.0
2020-04-21,41.83000183105469,41.9900016784668,40.40999984741211,40.54999923706055,31661000.0
2020-04-22,41.27000045776367,42.09000015258789,41.11000061035156,41.7599983215332,18330700.0
2020-04-23,41.88999938964844,42.54999923706055,41.529998779296875,41.619998931884766,16100200.0
2020-04-24,41.84000015258789,42.65999984741211,41.650001525878906,42.52000045776367,14639200.0
2020-04-27,42.70000076293945,43.220001220703125,42.58000183105469,43.060001373291016,17937900.0
2020-04-28,43.5,43.630001068115234,42.40999984741211,42.4900016784668,16427700.0
2020-04-29,43.349998474121094,43.47999954223633,42.93000030517578,43.34000015258789,17430100.0
2020-04-30,43.16999816894531,43.16999816894531,42.16999816894531,42.380001068115234,26679900.0
2020-05-01,41.720001220703125,41.810001373291016,40.77000045776367,40.91999816894531,22095300.0
2020-05-04,40.95000076293945,41.40999984741211,40.4900016784668,41.349998474121094,15997700.0
2020-05-05,41.61000061035156,41.93000030517578,41.38999938964844,41.459999084472656,15060200.0
2020-05-06,41.560001373291016,41.689998626708984,40.970001220703125,41.150001525878906,16040300.0
2020-05-07,41.59000015258789,41.77000045776367,41.220001220703125,41.369998931884766,20173600.0
2020-05-08,42.02000045776367,43.02000045776367,41.70000076293945,42.9900016784668,21959100.0
2020-05-11,42.779998779296875,43.650001525878906,42.61000061035156,43.31999969482422,26182700.0
2020-05-12,43.939998626708984,44.29999923706055,43.189998626708984,43.220001220703125,25817100.0
2020-05-13,43.40999984741211,43.56999969482422,41.310001373291016,41.95000076293945,36986700.0
2020-05-14,43.43000030517578,44.58000183105469,43.2599983215332,43.849998474121094,50417700.0
2020-05-15,42.93000030517578,44.380001068115234,42.849998474121094,44.27000045776367,30573000.0
2020-05-18,45.209999084472656,45.29999923706055,44.33000183105469,45.060001373291016,26966500.0
2020-05-19,44.83000183105469,44.97999954223633,44.40999984741211,44.61000061035156,24345400.0
2020-05-20,45.04999923706055,45.81999969482422,45.029998779296875,45.439998626708984,20184500.0
2020-05-21,45.45000076293945,45.65999984741211,44.560001373291016,44.63999938964844,18674900.0
2020-05-22,44.66999816894531,44.95000076293945,44.119998931884766,44.900001525878906,12592800.0
2020-05-26,45.779998779296875,45.79999923706055,44.68000030517578,44.84000015258789,21776900.0
2020-05-27,45.040000915527344,45.97999954223633,44.79999923706055,45.959999084472656,22157200.0
2020-05-28,45.900001525878906,46.459999084472656,45.369998931884766,45.599998474121094,20013000.0
2020-05-29,46.040000915527344,47.81999969482422,45.40999984741211,47.81999969482422,43553600.0
2020-06-01,47.150001525878906,47.290000915527344,46.22999954223633,46.29999923706055,18712400.0
2020-06-02,46.400001525878906,46.900001525878906,45.880001068115234,46.88999938964844,17285900.0
2020-06-03,46.97999954223633,47.20000076293945,46.540000915527344,46.939998626708984,17492000.0
2020-06-04,46.77000045776367,47.25,46.529998779296875,46.86000061035156,14100700.0
2020-06-05,47.27000045776367,48.290000915527344,47.20000076293945,47.83000183105469,22591100.0
2020-06-08,47.459999084472656,48.15999984741211,47.119998931884766,48.130001068115234,17820900.0
2020-06-09,48.02000045776367,48.2400016784668,47.4900016784668,48.04999923706055,18597300.0
2020-06-10,47.65999984741211,47.83000183105469,47.119998931884766,47.41999816894531,18462400.0
2020-06-11,46.9900016784668,47.0,43.63999938964844,43.66999816894531,35582000.0
2020-06-12,44.959999084472656,45.86000061035156,44.11000061035156,45.06999969482422,26125600.0
2020-06-15,44.119998931884766,45.7599983215332,43.93000030517578,45.349998474121094,21300100.0
2020-06-16,47.40999984741211,47.4900016784668,45.90999984741211,46.47999954223633,28074600.0
2020-06-17,46.75,46.81999969482422,45.900001525878906,46.16999816894531,20399100.0
2020-06-18,45.790000915527344,46.04999923706055,45.349998474121094,45.83000183105469,22423500.0
2020-06-19,46.2599983215332,46.5099983215332,45.04999923706055,45.31999969482422,36103200.0
2020-06-22,45.11000061035156,45.459999084472656,44.810001373291016,45.15999984741211,18398600.0
2020-06-23,45.91999816894531,46.150001525878906,45.31999969482422,45.470001220703125,23222400.0
2020-06-24,45.290000915527344,45.470001220703125,44.38999938964844,44.75,22840100.0
2020-06-25,44.77000045776367,45.31999969482422,44.20000076293945,45.220001220703125,19114900.0
2020-06-26,45.119998931884766,46.5099983215332,44.630001068115234,46.310001373291016,106928300.0
2020-06-29,46.34000015258789,46.45000076293945,45.66999816894531,46.150001525878906,23875400.0
2020-06-30,46.150001525878906,47.0099983215332,46.099998474121094,46.63999938964844,21888800.0
2020-07-01,46.540000915527344,46.720001220703125,46.0,46.060001373291016,17129500.0
2020-07-02,46.06999969482422,46.220001220703125,45.47999954223633,45.630001068115234,19632000.0
2020-07-06,46.06999969482422,46.4900016784668,45.869998931884766,46.41999816894531,16152900.0
2020-07-07,46.119998931884766,46.290000915527344,45.560001373291016,45.630001068115234,17102800.0
2020-07-08,45.59000015258789,46.06999969482422,45.31999969482422,45.810001373291016,15020800.0
2020-07-09,46.599998474121094,47.20000076293945,46.220001220703125,46.70000076293945,26027700.0
2020-07-10,46.72999954223633,46.91999816894531,46.2400016784668,46.65999984741211,13775700.0
2020-07-13,46.869998931884766,46.9900016784668,45.779998779296875,45.93000030517578,17965500.0
2020-07-14,45.4900016784668,46.5,45.40999984741211,46.2599983215332,19303500.0
2020-07-15,46.5,46.83000183105469,45.9900016784668,46.400001525878906,15705000.0
2020-07-16,45.70000076293945,45.83000183105469,45.20000076293945,45.779998779296875,17709400.0
2020-07-17,46.040000915527344,46.93000030517578,45.880001068115234,46.75,20389700.0
2020-07-20,46.66999816894531,47.099998474121094,46.2599983215332,46.970001220703125,15966500.0
2020-07-21,47.279998779296875,47.33000183105469,46.849998474121094,47.02000045776367,16044700.0
2020-07-22,47.02000045776367,47.11000061035156,46.529998779296875,46.900001525878906,27218300.0
2020-07-23,46.97999954223633,47.70000076293945,46.68000030517578,47.40999984741211,23750200.0
2020-07-24,47.4900016784668,47.63999938964844,46.11000061035156,46.400001525878906,16983600.0
2020-07-27,46.65999984741211,47.2599983215332,46.150001525878906,47.189998626708984,15576000.0
2020-07-28,46.97999954223633,47.08000183105469,46.209999084472656,46.279998779296875,13975300.0
2020-07-29,46.400001525878906,46.880001068115234,46.369998931884766,46.709999084472656,11618200.0
2020-07-30,46.130001068115234,46.459999084472656,45.380001068115234,46.439998626708984,15385100.0
2020-07-31,46.38999938964844,47.11000061035156,45.86000061035156,47.099998474121094,17701100.0
2020-08-03,47.13999938964844,47.36000061035156,46.68000030517578,47.15999984741211,14141100.0
2020-08-04,47.0099983215332,47.66999816894531,46.90999984741211,47.66999816894531,12839500.0
2020-08-05,47.66999816894531,47.72999954223633,47.04999923706055,47.33000183105469,13075600.0
2020-08-06,47.22999954223633,47.83000183105469,47.099998474121094,47.77000045776367,14190900.0
2020-08-07,47.33000183105469,47.599998474121094,47.029998779296875,47.43000030517578,17054300.0
2020-08-10,47.15999984741211,48.0,47.15999984741211,47.72999954223633,14999200.0
2020-08-11,47.900001525878906,48.45000076293945,47.09000015258789,47.189998626708984,18859600.0
2020-08-12,47.279998779296875,48.130001068115234,47.27000045776367,48.099998474121094,26823700.0
2020-08-13,43.790000915527344,43.84000015258789,42.380001068115234,42.720001220703125,91849500.0
2020-08-14,42.4900016784668,42.880001068115234,42.27000045776367,42.5,32539500.0
2020-08-17,42.54999923706055,42.7599983215332,41.86000061035156,42.09000015258789,30511700.0
2020-08-18,42.130001068115234,42.290000915527344,41.810001373291016,41.97999954223633,23344600.0
2020-08-19,42.099998474121094,42.349998474121094,41.779998779296875,41.869998931884766,20097400.0
2020-08-20,41.869998931884766,42.41999816894531,41.72999954223633,42.310001373291016,18443900.0
2020-08-21,42.04999923706055,42.29999923706055,41.810001373291016,42.25,17389600.0
2020-08-24,42.06999969482422,42.470001220703125,42.0,42.18000030517578,17742900.0
2020-08-25,42.22999954223633,42.29999923706055,41.779998779296875,41.959999084472656,15417400.0
2020-08-26,41.650001525878906,42.279998779296875,41.45000076293945,42.25,21625800.0
2020-08-27,42.400001525878906,42.470001220703125,42.02000045776367,42.290000915527344,22456800.0
2020-08-28,42.13999938964844,42.29999923706055,42.0,42.20000076293945,16573600.0
2020-08-31,42.099998474121094,42.349998474121094,41.939998626708984,42.220001220703125,21298000.0
2020-09-01,42.0,42.06999969482422,41.5,42.029998779296875,23325100.0
2020-09-02,42.040000915527344,42.689998626708984,42.029998779296875,42.41999816894531,30045700.0
2020-09-03,41.75,41.83000183105469,40.66999816894531,40.95000076293945,39288100.0
2020-09-04,41.20000076293945,41.43000030517578,40.439998626708984,40.81999969482422,34867400.0
2020-09-08,40.04999923706055,40.61000061035156,39.970001220703125,40.0,29101800.0
2020-09-09,40.099998474121094,40.47999954223633,39.720001220703125,40.130001068115234,23351600.0
2020-09-10,40.029998779296875,40.63999938964844,39.41999816894531,39.56999969482422,25108800.0
2020-09-11,39.77000045776367,40.04999923706055,39.52000045776367,39.880001068115234,21853000.0
2020-09-14,40.220001220703125,40.63999938964844,40.04999923706055,40.369998931884766,19866700.0
2020-09-15,40.5099983215332,40.84000015258789,40.380001068115234,40.599998474121094,19024100.0
2020-09-16,40.720001220703125,41.16999816894531,40.38999938964844,40.41999816894531,24310200.0
2020-09-17,39.65999984741211,40.400001525878906,39.5099983215332,40.369998931884766,22225900.0
2020-09-18,40.18000030517578,40.31999969482422,39.58000183105469,39.810001373291016,44450800.0
2020-09-21,39.310001373291016,39.470001220703125,38.689998626708984,39.040000915527344,28495000.0
2020-09-22,39.18000030517578,39.459999084472656,38.880001068115234,39.31999969482422,17656800.0
2020-09-23,39.22999954223633,39.38999938964844,38.18000030517578,38.279998779296875,24843200.0
2020-09-24,38.0,38.15999984741211,37.599998474121094,37.849998474121094,30910400.0
2020-09-25,37.7599983215332,38.540000915527344,37.619998931884766,38.45000076293945,22966600.0
2020-09-28,39.20000076293945,39.290000915527344,38.790000915527344,39.130001068115234,24275700.0
2020-09-29,39.06999969482422,39.380001068115234,38.83000183105469,39.060001373291016,16353700.0
2020-09-30,39.09000015258789,39.70000076293945,39.02000045776367,39.38999938964844,27113200.0
2020-10-01,39.099998474121094,39.310001373291016,38.56999969482422,38.79999923706055,20763500.0
2020-10-02,38.04999923706055,38.54999923706055,37.970001220703125,38.27000045776367,24493000.0
2020-10-05,38.47999954223633,38.790000915527344,38.279998779296875,38.56999969482422,26929100.0
2020-10-06,38.5,39.349998474121094,38.400001525878906,38.56999969482422,28430800.0
2020-10-07,38.97999954223633,39.58000183105469,38.779998779296875,39.400001525878906,20593700.0
2020-10-08,39.79999923706055,40.18000030517578,39.65999984741211,39.790000915527344,19031300.0
2020-10-09,40.150001525878906,40.22999954223633,39.720001220703125,39.849998474121094,16167500.0
2020-10-12,39.93000030517578,40.529998779296875,39.630001068115234,40.36000061035156,22757200.0
2020-10-13,40.540000915527344,40.61000061035156,39.709999084472656,39.810001373291016,23438300.0
2020-10-14,39.849998474121094,40.41999816894531,39.7599983215332,39.88999938964844,16439100.0
2020-10-15,39.470001220703125,40.0,39.349998474121094,39.970001220703125,15451400.0
2020-10-16,39.880001068115234,40.29999923706055,39.54999923706055,40.15999984741211,21292500.0
2020-10-19,40.150001525878906,40.380001068115234,39.15999984741211,39.29999923706055,19600500.0
2020-10-20,39.439998626708984,39.5099983215332,39.029998779296875,39.20000076293945,16564900.0
2020-10-21,39.310001373291016,39.56999969482422,38.97999954223633,39.060001373291016,17016300.0
2020-10-22,38.849998474121094,38.959999084472656,38.380001068115234,38.81999969482422,20399000.0
2020-10-23,38.93000030517578,38.970001220703125,38.650001525878906,38.81999969482422,15556100.0
2020-10-26,38.400001525878906,38.43000030517578,37.150001525878906,37.66999816894531,29146500.0
2020-10-27,37.380001068115234,37.5,36.59000015258789,36.869998931884766,37911500.0
2020-10-28,36.31999969482422,36.5099983215332,35.68000030517578,35.709999084472656,34561500.0
2020-10-29,35.5099983215332,36.06999969482422,35.279998779296875,35.689998626708984,35332000.0
2020-10-30,35.599998474121094,35.93000030517578,35.4900016784668,35.900001525878906,29151200.0
2020-11-02,36.189998626708984,36.349998474121094,35.66999816894531,35.900001525878906,23483100.0
2020-11-03,36.36000061035156,37.33000183105469,36.29999923706055,36.68000030517578,27342900.0
2020-11-04,37.029998779296875,37.29999923706055,36.5,36.56999969482422,30121900.0
2020-11-05,37.02000045776367,37.29999923706055,36.90999984741211,37.22999954223633,23149700.0
2020-11-06,37.560001373291016,37.599998474121094,37.08000183105469,37.529998779296875,19475300.0
2020-11-09,39.91999816894531,40.22999954223633,38.119998931884766,38.20000076293945,42649500.0
2020-11-10,38.209999084472656,39.029998779296875,38.16999816894531,38.720001220703125,31514500.0
2020-11-11,39.0099983215332,39.45000076293945,38.439998626708984,39.33000183105469,27332800.0
2020-11-12,38.97999954223633,39.38999938964844,38.400001525878906,38.66999816894531,29368300.0
2020-11-13,41.20000076293945,41.52000045776367,40.560001373291016,41.400001525878906,49106400.0
2020-11-16,41.7400016784668,42.59000015258789,41.349998474121094,42.540000915527344,34572600.0
2020-11-17,41.91999816894531,42.349998474121094,41.619998931884766,41.880001068115234,23140900.0
2020-11-18,41.900001525878906,42.2400016784668,41.2599983215332,41.31999969482422,21327700.0
2020-11-19,41.0,41.369998931884766,40.77000045776367,41.16999816894531,22177700.0
2020-11-20,41.04999923706055,41.38999938964844,40.91999816894531,40.970001220703125,19776300.0
2020-11-23,41.029998779296875,41.79999923706055,41.02000045776367,41.63999938964844,19651400.0
2020-11-24,42.13999938964844,42.709999084472656,41.900001525878906,42.61000061035156,22849700.0
2020-11-25,42.779998779296875,42.79999923706055,42.209999084472656,42.5,22617700.0
2020-11-27,42.86000061035156,42.97999954223633,42.63999938964844,42.70000076293945,10769500.0
2020-11-30,42.439998626708984,43.04999923706055,42.40999984741211,43.02000045776367,34741600.0
2020-12-01,43.0099983215332,44.06999969482422,43.0099983215332,43.540000915527344,23942500.0
2020-12-02,43.38999938964844,43.959999084472656,43.349998474121094,43.88999938964844,17422200.0
2020-12-03,43.779998779296875,44.13999938964844,43.599998474121094,44.11000061035156,27710700.0
2020-12-04,43.88999938964844,44.5099983215332,43.88999938964844,44.380001068115234,17319800.0
2020-12-07,44.290000915527344,44.4900016784668,43.90999984741211,44.349998474121094,14086800.0
2020-12-08,44.209999084472656,44.529998779296875,43.93000030517578,44.369998931884766,13348500.0
2020-12-09,44.470001220703125,44.83000183105469,44.36000061035156,44.689998626708984,22679800.0
2020-12-10,44.540000915527344,44.61000061035156,44.11000061035156,44.31999969482422,17741500.0
2020-12-11,43.939998626708984,44.33000183105469,43.720001220703125,44.31999969482422,14577700.0
2020-12-14,44.27000045776367,44.90999984741211,44.150001525878906,44.2400016784668,16112300.0
2020-12-15,44.38999938964844,44.79999923706055,44.13999938964844,44.720001220703125,18159400.0
2020-12-16,44.70000076293945,45.13999938964844,44.529998779296875,44.720001220703125,16192000.0
2020-12-17,44.90999984741211,44.93000030517578,44.599998474121094,44.81999969482422,16141600.0
2020-12-18,44.900001525878906,45.56999969482422,44.77000045776367,45.439998626708984,41027000.0
2020-12-21,44.470001220703125,44.959999084472656,44.06999969482422,44.880001068115234,19865300.0
2020-12-22,44.439998626708984,45.06999969482422,44.439998626708984,44.689998626708984,16024000.0
2020-12-23,44.650001525878906,44.79999923706055,44.349998474121094,44.380001068115234,12032600.0
2020-12-24,44.45000076293945,44.59000015258789,44.22999954223633,44.540000915527344,5720500.0
2020-12-28,44.93000030517578,45.34000015258789,44.720001220703125,44.91999816894531,13458400.0
2020-12-29,44.970001220703125,45.25,44.529998779296875,44.63999938964844,11829000.0
2020-12-30,44.7400016784668,45.060001373291016,44.439998626708984,44.47999954223633,11043100.0
2020-12-31,44.380001068115234,44.84000015258789,44.15999984741211,44.75,15105500.0
2021-01-04,44.310001373291016,44.369998931884766,43.349998474121094,43.959999084472656,24392500.0
2021-01-05,43.68000030517578,44.06999969482422,43.380001068115234,43.97999954223633,17763700.0
2021-01-06,44.130001068115234,44.869998931884766,43.88999938964844,44.400001525878906,21823100.0
2021-01-07,44.20000076293945,45.11000061035156,44.16999816894531,44.959999084472656,18218800.0
2021-01-08,44.47999954223633,45.40999984741211,44.25,45.060001373291016,20936300.0
2021-01-11,45.150001525878906,45.95000076293945,45.02000045776367,45.36000061035156,25058200.0
2021-01-12,45.29999923706055,45.93000030517578,44.959999084472656,45.790000915527344,20145000.0
2021-01-13,45.290000915527344,45.970001220703125,45.18000030517578,45.36000061035156,19367300.0
2021-01-14,44.869998931884766,45.599998474121094,44.849998474121094,45.150001525878906,22333500.0
2021-01-15,44.959999084472656,45.650001525878906,44.880001068115234,45.43000030517578,30271700.0
2021-01-19,45.33000183105469,45.630001068115234,44.77000045776367,45.189998626708984,28868800.0
2021-01-20,45.33000183105469,45.5,45.13999938964844,45.34000015258789,16499400.0
2021-01-21,45.20000076293945,45.2400016784668,44.720001220703125,45.11000061035156,17488400.0
2021-01-22,44.75,44.88999938964844,44.22999954223633,44.77000045776367,14643400.0
2021-01-25,45.040000915527344,45.16999816894531,44.709999084472656,45.029998779296875,16581300.0
2021-01-26,44.88999938964844,45.349998474121094,44.77000045776367,45.2599983215332,13087800.0
2021-01-27,45.2400016784668,46.459999084472656,45.08000183105469,45.70000076293945,29634500.0
2021-01-28,45.90999984741211,46.27000045776367,45.29999923706055,45.34000015258789,21166000.0
2021-01-29,44.849998474121094,45.369998931884766,44.47999954223633,44.58000183105469,22608100.0
2021-02-01,44.91999816894531,45.630001068115234,44.65999984741211,45.400001525878906,16776900.0
2021-02-02,45.52000045776367,45.939998626708984,45.43000030517578,45.83000183105469,16520900.0
2021-02-03,45.75,46.15999984741211,45.540000915527344,45.77000045776367,13173600.0
2021-02-04,45.869998931884766,47.31999969482422,45.77000045776367,47.25,22285700.0
2021-02-05,47.56999969482422,48.34000015258789,47.5,48.08000183105469,25488600.0
2021-02-08,48.560001373291016,49.34000015258789,48.560001373291016,48.939998626708984,25215400.0
2021-02-09,48.77000045776367,48.83000183105469,48.40999984741211,48.5,24795000.0
2021-02-10,46.150001525878906,47.40999984741211,45.83000183105469,47.2400016784668,44540900.0
2021-02-11,47.349998474121094,47.90999984741211,47.20000076293945,47.58000183105469,18589900.0
2021-02-12,47.43000030517578,47.689998626708984,46.90999984741211,47.290000915527344,15239800.0
2021-02-16,47.2599983215332,47.2599983215332,46.400001525878906,46.5099983215332,18539000.0
2021-02-17,46.31999969482422,46.400001525878906,45.869998931884766,46.25,13296300.0
2021-02-18,46.38999938964844,46.400001525878906,45.689998626708984,46.34000015258789,16867500.0
2021-02-19,46.540000915527344,46.61000061035156,45.58000183105469,45.68000030517578,25117700.0
2021-02-22,45.290000915527344,45.68000030517578,44.81999969482422,45.43000030517578,21435800.0
2021-02-23,45.2599983215332,45.779998779296875,45.099998474121094,45.5099983215332,19714900.0
2021-02-24,45.2400016784668,45.79999923706055,45.040000915527344,45.7400016784668,17823600.0
2021-02-25,45.59000015258789,46.2400016784668,45.2400016784668,45.52000045776367,21916700.0
2021-02-26,45.58000183105469,45.779998779296875,44.7599983215332,44.869998931884766,22144900.0
2021-03-01,45.220001220703125,46.220001220703125,45.220001220703125,45.91999816894531,17394100.0
2021-03-02,45.93000030517578,46.08000183105469,45.41999816894531,45.52000045776367,14833000.0
2021-03-03,45.43000030517578,45.529998779296875,45.0,45.130001068115234,16851100.0
2021-03-04,45.13999938964844,45.470001220703125,44.150001525878906,44.560001373291016,24653500.0
2021-03-05,45.45000076293945,46.7400016784668,45.27000045776367,46.25,33197600.0
2021-03-08,46.2400016784668,48.400001525878906,46.20000076293945,47.5099983215332,34824500.0
2021-03-09,47.81999969482422,48.369998931884766,47.720001220703125,47.88999938964844,26512700.0
2021-03-10,48.470001220703125,48.790000915527344,48.189998626708984,48.290000915527344,19841500.0
2021-03-11,48.5099983215332,49.08000183105469,48.22999954223633,48.79999923706055,21976600.0
2021-03-12,48.810001373291016,48.9900016784668,48.470001220703125,48.81999969482422,15196500.0
2021-03-15,48.900001525878906,49.439998626708984,48.900001525878906,49.40999984741211,15523600.0
2021-03-16,49.189998626708984,49.7400016784668,49.189998626708984,49.66999816894531,17282300.0
2021-03-17,49.61000061035156,49.61000061035156,48.88999938964844,49.41999816894531,18326900.0
2021-03-18,48.52000045776367,49.56999969482422,48.52000045776367,48.79999923706055,18416900.0
2021-03-19,48.709999084472656,49.220001220703125,48.31999969482422,48.97999954223633,65366800.0
2021-03-22,48.939998626708984,50.380001068115234,48.939998626708984,50.29999923706055,28813900.0
2021-03-23,50.02000045776367,50.68000030517578,49.900001525878906,50.0099983215332,28328200.0
2021-03-24,49.939998626708984,50.45000076293945,49.619998931884766,49.650001525878906,26444700.0
2021-03-25,50.58000183105469,51.400001525878906,50.290000915527344,50.5099983215332,34537700.0
2021-03-26,50.599998474121094,52.63999938964844,50.560001373291016,52.56999969482422,31997000.0
2021-03-29,52.400001525878906,52.939998626708984,52.279998779296875,52.52000045776367,25032800.0
2021-03-30,52.11000061035156,52.290000915527344,51.18000030517578,51.77000045776367,22465100.0
2021-03-31,51.83000183105469,52.04999923706055,51.54999923706055,51.709999084472656,22212400.0
2021-04-01,51.75,52.06999969482422,51.349998474121094,51.97999954223633,17896200.0
2021-04-05,51.630001068115234,52.91999816894531,51.630001068115234,52.40999984741211,19860900.0
2021-04-06,51.97999954223633,52.220001220703125,51.779998779296875,52.029998779296875,15126100.0
2021-04-07,52.0099983215332,52.13999938964844,51.58000183105469,51.77000045776367,15783600.0
2021-04-08,51.939998626708984,52.0,51.45000076293945,51.90999984741211,15111300.0
2021-04-09,51.83000183105469,52.150001525878906,51.68000030517578,52.09000015258789,13135800.0
2021-04-12,52.06999969482422,52.15999984741211,51.470001220703125,51.56999969482422,16441700.0
2021-04-13,51.63999938964844,51.880001068115234,51.34000015258789,51.65999984741211,13353200.0
2021-04-14,51.5099983215332,51.68000030517578,51.13999938964844,51.369998931884766,15376600.0
2021-04-15,51.7599983215332,51.939998626708984,51.369998931884766,51.63999938964844,17869800.0
2021-04-16,52.45000076293945,53.18000030517578,52.2599983215332,52.79999923706055,28327900.0
2021-04-19,52.529998779296875,52.959999084472656,52.4900016784668,52.849998474121094,20245600.0
2021-04-20,52.59000015258789,52.790000915527344,51.599998474121094,51.790000915527344,21257500.0
2021-04-21,51.84000015258789,52.06999969482422,51.47999954223633,51.93000030517578,14015500.0
2021-04-22,51.810001373291016,52.09000015258789,51.380001068115234,51.5,15564800.0
2021-04-23,51.5,52.130001068115234,51.18000030517578,51.90999984741211,14016800.0
2021-04-26,51.650001525878906,51.77000045776367,51.5,51.63999938964844,13778200.0
2021-04-27,51.58000183105469,51.66999816894531,51.349998474121094,51.369998931884766,13601000.0
2021-04-28,51.560001373291016,51.77000045776367,50.91999816894531,51.11000061035156,14984000.0
2021-04-29,51.18000030517578,51.599998474121094,50.97999954223633,51.459999084472656,13916600.0
2021-04-30,51.220001220703125,51.22999954223633,50.40999984741211,50.90999984741211,19930200.0
2021-05-03,51.209999084472656,51.400001525878906,50.810001373291016,51.16999816894531,13465900.0
2021-05-04,51.11000061035156,51.22999954223633,50.29999923706055,50.709999084472656,18164800.0
2021-05-05,50.9900016784668,51.25,50.68000030517578,51.130001068115234,16205300.0
2021-05-06,51.06999969482422,52.709999084472656,50.95000076293945,52.439998626708984,27106800.0
2021-05-07,52.47999954223633,53.68000030517578,52.220001220703125,53.43000030517578,24146000.0
2021-05-10,53.970001220703125,54.13999938964844,53.15999984741211,53.15999984741211,23845600.0
2021-05-11,53.099998474121094,53.11000061035156,52.11000061035156,52.83000183105469,20220900.0
2021-05-12,52.18000030517578,52.43000030517578,51.470001220703125,51.599998474121094,22123300.0
2021-05-13,52.11000061035156,52.810001373291016,51.880001068115234,52.4900016784668,15864000.0
2021-05-14,52.93000030517578,53.220001220703125,52.599998474121094,52.900001525878906,14789400.0
2021-05-17,52.7599983215332,53.150001525878906,52.68000030517578,52.939998626708984,15731000.0
2021-05-18,52.79999923706055,53.34000015258789,52.7400016784668,52.93000030517578,20177200.0
2021-05-19,51.880001068115234,52.65999984741211,51.86000061035156,52.470001220703125,29187900.0
2021-05-20,50.40999984741211,52.970001220703125,50.099998474121094,52.849998474121094,48830800.0
2021-05-21,52.77000045776367,52.93000030517578,52.2400016784668,52.43000030517578,24468400.0
2021-05-24,52.959999084472656,53.77000045776367,52.790000915527344,53.38999938964844,21128900.0
2021-05-25,53.369998931884766,53.58000183105469,53.13999938964844,53.310001373291016,20657200.0
2021-05-26,53.349998474121094,53.61000061035156,52.81999969482422,52.90999984741211,18671200.0
2021-05-27,52.93000030517578,53.349998474121094,52.58000183105469,52.91999816894531,56216100.0
2021-05-28,53.18000030517578,53.220001220703125,52.84000015258789,52.900001525878906,14863500.0
2021-06-01,52.959999084472656,53.31999969482422,52.43000030517578,52.619998931884766,15741700.0
2021-06-02,52.650001525878906,52.9900016784668,52.400001525878906,52.959999084472656,14529300.0
2021-06-03,52.79999923706055,53.560001373291016,52.619998931884766,53.33000183105469,17593100.0
2021-06-04,53.439998626708984,54.16999816894531,53.439998626708984,54.06999969482422,11676700.0
2021-06-07,54.31999969482422,54.439998626708984,53.790000915527344,53.91999816894531,14899800.0
2021-06-08,53.970001220703125,54.38999938964844,53.88999938964844,54.130001068115234,15329700.0
2021-06-09,54.18000030517578,54.41999816894531,53.939998626708984,54.02000045776367,14860900.0
2021-06-10,54.43000030517578,55.08000183105469,54.27000045776367,55.029998779296875,22183500.0
2021-06-11,55.189998626708984,55.349998474121094,54.540000915527344,54.77000045776367,17134000.0
2021-06-14,54.38999938964844,54.529998779296875,53.529998779296875,54.16999816894531,15131400.0
2021-06-15,54.22999954223633,54.31999969482422,53.72999954223633,53.790000915527344,12542600.0
2021-06-16,53.849998474121094,53.91999816894531,53.130001068115234,53.470001220703125,15477900.0
2021-06-17,53.40999984741211,53.54999923706055,53.0099983215332,53.130001068115234,18288400.0
2021-06-18,52.810001373291016,52.84000015258789,51.880001068115234,52.06999969482422,35758300.0
2021-06-21,52.369998931884766,53.40999984741211,52.290000915527344,53.18000030517578,17682200.0
2021-06-22,53.29999923706055,53.36000061035156,52.810001373291016,53.2599983215332,16451200.0
2021-06-23,53.27000045776367,53.290000915527344,52.59000015258789,52.7599983215332,14749800.0
2021-06-24,52.939998626708984,53.04999923706055,52.61000061035156,52.779998779296875,13974300.0
2021-06-25,52.77000045776367,53.20000076293945,52.650001525878906,53.060001373291016,16682700.0
2021-06-28,53.15999984741211,53.290000915527344,52.91999816894531,52.959999084472656,14008700.0
2021-06-29,52.88999938964844,53.189998626708984,52.77000045776367,52.90999984741211,10926100.0
2021-06-30,52.95000076293945,53.06999969482422,52.619998931884766,53.0,15826400.0
2021-07-01,53.04999923706055,53.599998474121094,53.0,53.439998626708984,15074800.0
2021-07-02,53.189998626708984,53.619998931884766,52.84000015258789,53.540000915527344,15066000.0
2021-07-06,53.220001220703125,53.36000061035156,52.34000015258789,52.97999954223633,19394500.0
2021-07-07,53.06999969482422,53.29999923706055,52.66999816894531,53.2599983215332,14411600.0
2021-07-08,53.15999984741211,53.720001220703125,52.90999984741211,53.2599983215332,15691800.0
2021-07-09,53.36000061035156,53.93000030517578,53.290000915527344,53.7400016784668,14673400.0
2021-07-12,54.040000915527344,54.040000915527344,53.130001068115234,53.22999954223633,14000600.0
2021-07-13,53.34000015258789,53.58000183105469,53.20000076293945,53.31999969482422,9927400.0
2021-07-14,53.5,54.20000076293945,53.34000015258789,54.09000015258789,17113700.0
2021-07-15,53.84000015258789,53.869998931884766,53.2400016784668,53.650001525878906,14952400.0
2021-07-16,53.880001068115234,54.40999984741211,53.650001525878906,53.70000076293945,14144900.0
2021-07-19,53.66999816894531,53.70000076293945,52.72999954223633,53.060001373291016,19925300.0
2021-07-20,53.279998779296875,53.93000030517578,53.189998626708984,53.58000183105469,17250200.0
2021-07-21,53.81999969482422,53.900001525878906,53.41999816894531,53.880001068115234,14068600.0
2021-07-22,53.90999984741211,54.54999923706055,53.779998779296875,54.540000915527344,15729800.0
2021-07-23,54.88999938964844,55.34000015258789,54.5099983215332,55.22999954223633,13042500.0
2021-07-26,55.130001068115234,55.650001525878906,55.130001068115234,55.470001220703125,10097400.0
2021-07-27,55.380001068115234,55.40999984741211,54.790000915527344,55.279998779296875,14738700.0
2021-07-28,55.459999084472656,55.52000045776367,54.40999984741211,54.77000045776367,18835700.0
2021-07-29,55.0,55.349998474121094,54.900001525878906,55.06999969482422,10680200.0
2021-07-30,55.08000183105469,55.4900016784668,55.0099983215332,55.369998931884766,13438800.0
2021-08-02,55.599998474121094,55.939998626708984,55.2599983215332,55.45000076293945,12468800.0
2021-08-03,55.540000915527344,56.41999816894531,55.27000045776367,56.25,17357400.0
2021-08-04,56.369998931884766,56.369998931884766,55.470001220703125,55.689998626708984,11662400.0
2021-08-05,55.52000045776367,55.97999954223633,55.5,55.7599983215332,10785200.0
2021-08-06,55.470001220703125,55.95000076293945,55.150001525878906,55.59000015258789,18386100.0
2021-08-09,55.81999969482422,56.06999969482422,55.400001525878906,55.470001220703125,8707200.0
2021-08-10,55.5,55.66999816894531,55.25,55.61000061035156,10441900.0
2021-08-11,55.88999938964844,56.0099983215332,55.599998474121094,55.86000061035156,12604500.0
2021-08-12,55.849998474121094,56.45000076293945,55.65999984741211,56.38999938964844,11209700.0
2021-08-13,56.38999938964844,56.619998931884766,56.2599983215332,56.470001220703125,10841700.0
2021-08-16,56.29999923706055,56.43000030517578,55.93000030517578,56.279998779296875,14407400.0
2021-08-17,55.869998931884766,56.02000045776367,55.630001068115234,56.0099983215332,11987500.0
2021-08-18,55.790000915527344,56.13999938964844,55.029998779296875,55.150001525878906,17111700.0
2021-08-19,54.7599983215332,57.4900016784668,54.59000015258789,57.27000045776367,39881600.0
2021-08-20,57.25,58.34000015258789,56.849998474121094,58.220001220703125,21876500.0
2021-08-23,57.849998474121094,58.70000076293945,57.7400016784668,58.540000915527344,16225400.0
2021-08-24,58.4900016784668,59.43000030517578,58.43000030517578,59.31999969482422,17658300.0
2021-08-25,59.540000915527344,60.27000045776367,59.16999816894531,59.349998474121094,18069600.0
2021-08-26,59.41999816894531,59.630001068115234,58.9900016784668,59.20000076293945,13729400.0
2021-08-27,59.27000045776367,59.349998474121094,58.86000061035156,59.02000045776367,14795200.0
2021-08-30,58.97999954223633,59.220001220703125,58.79999923706055,59.130001068115234,11798600.0
2021-08-31,59.11000061035156,59.18000030517578,58.58000183105469,59.02000045776367,19873900.0
2021-09-01,59.02000045776367,59.13999938964844,58.65999984741211,59.040000915527344,11629700.0
2021-09-02,59.349998474121094,59.720001220703125,59.060001373291016,59.529998779296875,12855700.0
2021-09-03,59.33000183105469,59.65999984741211,59.279998779296875,59.41999816894531,9732200.0
2021-09-07,59.2400016784668,59.369998931884766,58.75,58.880001068115234,15503600.0
2021-09-08,58.54999923706055,58.93000030517578,58.4900016784668,58.68000030517578,13124500.0
2021-09-09,58.45000076293945,58.939998626708984,58.25,58.599998474121094,14958800.0
2021-09-10,58.75,58.95000076293945,57.81999969482422,57.88999938964844,13622100.0
2021-09-13,58.15999984741211,58.529998779296875,57.72999954223633,58.099998474121094,13553200.0
2021-09-14,58.2400016784668,58.470001220703125,57.65999984741211,57.869998931884766,12810300.0
2021-09-15,57.779998779296875,59.599998474121094,57.060001373291016,57.560001373291016,37524600.0
2021-09-16,58.310001373291016,58.81999969482422,57.130001068115234,57.33000183105469,24029600.0
2021-09-17,57.38999938964844,57.45000076293945,56.470001220703125,56.849998474121094,40262700.0
2021-09-20,56.380001068115234,56.400001525878906,55.290000915527344,55.88999938964844,21897000.0
2021-09-21,55.959999084472656,56.369998931884766,55.22999954223633,55.2599983215332,18700600.0
2021-09-22,55.7599983215332,56.130001068115234,55.369998931884766,55.52000045776367,17940600.0
2021-09-23,55.70000076293945,56.900001525878906,55.599998474121094,56.689998626708984,16262500.0
2021-09-24,56.45000076293945,56.810001373291016,56.220001220703125,56.72999954223633,13156400.0
2021-09-27,56.459999084472656,56.66999816894531,56.04999923706055,56.220001220703125,13859500.0
2021-09-28,55.779998779296875,55.9900016784668,55.40999984741211,55.52000045776367,17803200.0
2021-09-29,55.619998931884766,55.97999954223633,55.34000015258789,55.47999954223633,14051700.0
2021-09-30,55.79999923706055,55.900001525878906,54.40999984741211,54.43000030517578,18538000.0
2021-10-01,54.599998474121094,55.40999984741211,54.040000915527344,55.13999938964844,18338000.0
2021-10-04,54.5,54.68000030517578,53.95000076293945,54.22999954223633,17084100.0
2021-10-05,54.130001068115234,55.029998779296875,54.130001068115234,54.689998626708984,14135000.0
2021-10-06,54.349998474121094,54.380001068115234,52.97999954223633,53.939998626708984,26339200.0
2021-10-07,54.4900016784668,55.40999984741211,54.349998474121094,55.02000045776367,14725500.0
2021-10-08,55.20000076293945,55.29999923706055,54.75,55.08000183105469,9255500.0
2021-10-11,55.25,55.380001068115234,54.900001525878906,54.93000030517578,8117600.0
2021-10-12,54.9900016784668,55.060001373291016,54.06999969482422,54.279998779296875,14241900.0
2021-10-13,54.31999969482422,54.75,54.08000183105469,54.619998931884766,13737100.0
2021-10-14,55.09000015258789,55.849998474121094,54.97999954223633,55.650001525878906,14455900.0
2021-10-15,55.88999938964844,55.88999938964844,54.959999084472656,55.25,15202200.0
2021-10-18,55.040000915527344,55.4900016784668,54.56999969482422,55.189998626708984,10989600.0
2021-10-19,55.290000915527344,55.779998779296875,55.029998779296875,55.7400016784668,13258400.0
2021-10-20,55.79999923706055,56.22999954223633,55.79999923706055,56.20000076293945,11613600.0
2021-10-21,56.040000915527344,56.119998931884766,55.529998779296875,55.689998626708984,12619900.0
2021-10-22,55.54999923706055,55.86000061035156,54.939998626708984,55.11000061035156,15026600.0
2021-10-25,55.11000061035156,55.41999816894531,54.810001373291016,55.13999938964844,10218900.0
2021-10-26,55.560001373291016,56.349998474121094,55.400001525878906,55.810001373291016,15250000.0
2021-10-27,56.130001068115234,56.720001220703125,55.93000030517578,56.18000030517578,16279000.0
2021-10-28,56.22999954223633,56.689998626708984,55.88999938964844,56.2400016784668,11209200.0
2021-10-29,56.31999969482422,56.58000183105469,55.86000061035156,55.970001220703125,13550400.0
2021-11-01,55.869998931884766,56.25,55.5,56.099998474121094,14341400.0
2021-11-02,56.369998931884766,57.869998931884766,56.279998779296875,57.619998931884766,22097900.0
2021-11-03,57.58000183105469,57.93000030517578,57.119998931884766,57.650001525878906,13219400.0
2021-11-04,57.599998474121094,57.689998626708984,56.560001373291016,57.119998931884766,18070400.0
2021-11-05,57.380001068115234,57.79999923706055,56.93000030517578,57.06999969482422,15637700.0
2021-11-08,57.099998474121094,57.52000045776367,56.59000015258789,57.0,15045300.0
2021-11-09,57.06999969482422,57.630001068115234,56.900001525878906,57.439998626708984,14459800.0
2021-11-10,57.900001525878906,58.630001068115234,57.689998626708984,57.77000045776367,17876300.0
2021-11-11,57.56999969482422,57.77000045776367,56.689998626708984,56.7599983215332,17440700.0
2021-11-12,56.970001220703125,57.150001525878906,56.310001373291016,56.81999969482422,16663600.0
2021-11-15,56.93000030517578,57.70000076293945,56.83000183105469,57.27000045776367,19041800.0
2021-11-16,57.2400016784668,58.08000183105469,56.93000030517578,57.0,21136900.0
2021-11-17,56.61000061035156,57.13999938964844,56.27000045776367,56.7599983215332,31496300.0
2021-11-18,52.72999954223633,53.93000030517578,51.08000183105469,53.630001068115234,70834000.0
2021-11-19,53.54999923706055,53.689998626708984,52.779998779296875,53.25,30030800.0
2021-11-22,53.349998474121094,55.529998779296875,53.29999923706055,54.599998474121094,39949300.0
2021-11-23,54.61000061035156,55.58000183105469,54.470001220703125,55.29999923706055,25653100.0
2021-11-24,55.150001525878906,55.75,55.150001525878906,55.540000915527344,19328700.0
2021-11-26,54.459999084472656,55.189998626708984,54.459999084472656,54.66999816894531,16730300.0
2021-11-29,55.13999938964844,56.189998626708984,54.83000183105469,55.7599983215332,25724500.0
2021-11-30,55.58000183105469,55.599998474121094,54.150001525878906,54.84000015258789,45141300.0
2021-12-01,55.529998779296875,56.380001068115234,54.93000030517578,55.029998779296875,24120500.0
2021-12-02,55.150001525878906,56.61000061035156,55.08000183105469,56.150001525878906,22384700.0
2021-12-03,56.29999923706055,56.81999969482422,55.66999816894531,56.22999954223633,26235400.0
2021-12-06,56.70000076293945,57.16999816894531,56.470001220703125,56.959999084472656,23172800.0
2021-12-07,57.099998474121094,58.220001220703125,57.0099983215332,58.08000183105469,24254800.0
2021-12-08,58.08000183105469,58.130001068115234,56.630001068115234,57.02000045776367,23631300.0
2021-12-09,57.20000076293945,57.83000183105469,56.93000030517578,57.54999923706055,16480200.0
2021-12-10,57.90999984741211,59.34000015258789,57.90999984741211,59.25,19901500.0
2021-12-13,59.099998474121094,59.5099983215332,58.540000915527344,58.61000061035156,18496300.0
2021-12-14,58.34000015258789,58.529998779296875,57.369998931884766,57.77000045776367,19114200.0
2021-12-15,57.91999816894531,60.029998779296875,57.900001525878906,59.93000030517578,27953900.0
2021-12-16,60.04999923706055,60.7599983215332,59.869998931884766,60.310001373291016,24599300.0
2021-12-17,60.27000045776367,60.79999923706055,59.790000915527344,60.459999084472656,62171000.0
2021-12-20,59.66999816894531,60.40999984741211,59.29999923706055,60.36000061035156,21342100.0
2021-12-21,60.439998626708984,61.2400016784668,60.0,61.029998779296875,20761100.0
2021-12-22,60.970001220703125,61.599998474121094,60.619998931884766,61.529998779296875,17095500.0
2021-12-23,61.790000915527344,62.900001525878906,61.790000915527344,62.279998779296875,17771400.0
2021-12-27,62.40999984741211,63.470001220703125,62.279998779296875,63.41999816894531,14779700.0
2021-12-28,63.41999816894531,63.84000015258789,63.22999954223633,63.529998779296875,12865000.0
2021-12-29,63.650001525878906,64.29000091552734,63.54999923706055,63.959999084472656,15069900.0
2021-12-30,64.04000091552734,64.13999938964844,63.470001220703125,63.619998931884766,9076700.0
2021-12-31,63.54999923706055,63.81999969482422,63.31999969482422,63.369998931884766,10359100.0
2022-01-03,62.900001525878906,63.349998474121094,62.5,63.15999984741211,17184300.0
2022-01-04,62.439998626708984,62.810001373291016,61.11000061035156,61.25,29682500.0
2022-01-05,61.189998626708984,61.63999938964844,60.25,60.279998779296875,30317900.0
2022-01-06,60.0,61.130001068115234,59.90999984741211,60.91999816894531,19616600.0
2022-01-07,60.869998931884766,61.5,60.66999816894531,61.130001068115234,20152400.0
2022-01-10,60.869998931884766,61.900001525878906,60.52000045776367,61.81999969482422,24715300.0
2022-01-11,61.599998474121094,62.43000030517578,61.439998626708984,62.369998931884766,22804200.0
2022-01-12,62.400001525878906,62.81999969482422,61.91999816894531,62.119998931884766,13405400.0
2022-01-13,62.08000183105469,62.150001525878906,61.209999084472656,61.5,14871600.0
2022-01-14,61.470001220703125,61.5,60.939998626708984,61.36000061035156,18831900.0
2022-01-18,59.97999954223633,60.220001220703125,59.4900016784668,59.72999954223633,26545800.0
2022-01-19,58.0,59.4900016784668,57.779998779296875,58.900001525878906,24333900.0
2022-01-20,58.9900016784668,59.34000015258789,58.02000045776367,58.08000183105469,17726500.0
2022-01-21,58.06999969482422,58.34000015258789,56.61000061035156,56.68000030517578,25914000.0
2022-01-24,56.15999984741211,57.0,54.869998931884766,56.900001525878906,34180100.0
2022-01-25,56.09000015258789,56.689998626708984,55.06999969482422,56.11000061035156,25156400.0
2022-01-26,56.11000061035156,56.45000076293945,54.86000061035156,55.33000183105469,28632700.0
2022-01-27,55.5099983215332,56.529998779296875,54.400001525878906,54.619998931884766,25967400.0
2022-01-28,54.5,55.65999984741211,53.45000076293945,55.61000061035156,30976600.0
2022-01-31,55.43000030517578,55.86000061035156,54.869998931884766,55.66999816894531,29925300.0
2022-02-01,55.45000076293945,55.5,54.7400016784668,55.369998931884766,22438500.0
2022-02-02,55.22999954223633,56.31999969482422,55.16999816894531,56.16999816894531,23316700.0
2022-02-03,55.869998931884766,56.150001525878906,55.060001373291016,55.20000076293945,19260500.0
2022-02-04,54.88999938964844,55.619998931884766,54.38999938964844,55.150001525878906,19675900.0
2022-02-07,55.33000183105469,55.529998779296875,54.70000076293945,55.16999816894531,14450200.0
2022-02-08,55.060001373291016,55.4900016784668,54.709999084472656,55.34000015258789,15219900.0
2022-02-09,55.81999969482422,56.380001068115234,55.47999954223633,56.290000915527344,19136700.0
2022-02-10,55.2400016784668,56.029998779296875,54.7400016784668,54.869998931884766,19730600.0
2022-02-11,54.869998931884766,55.09000015258789,53.77000045776367,53.900001525878906,20132500.0
2022-02-14,53.40999984741211,53.650001525878906,52.70000076293945,53.18000030517578,21868400.0
2022-02-15,53.720001220703125,54.29999923706055,53.63999938964844,54.27000045776367,17678000.0
2022-02-16,54.130001068115234,54.439998626708984,53.38999938964844,54.25,20388700.0
2022-02-17,55.5,57.060001373291016,55.400001525878906,55.77000045776367,32884700.0
2022-02-18,55.459999084472656,57.689998626708984,55.380001068115234,57.209999084472656,35626200.0
2022-02-22,56.93000030517578,57.13999938964844,55.7400016784668,56.29999923706055,25188300.0
2022-02-23,56.61000061035156,56.9900016784668,54.369998931884766,54.439998626708984,22033700.0
2022-02-24,54.06999969482422,54.83000183105469,53.209999084472656,54.72999954223633,27739300.0
2022-02-25,54.97999954223633,56.220001220703125,54.4900016784668,56.040000915527344,18963700.0
2022-02-28,55.40999984741211,56.0,54.75,55.77000045776367,23868700.0
2022-03-01,55.529998779296875,55.849998474121094,54.2599983215332,54.619998931884766,17799600.0
2022-03-02,54.77000045776367,56.380001068115234,54.709999084472656,56.150001525878906,18660000.0
2022-03-03,56.7400016784668,57.0,55.84000015258789,56.06999969482422,16794600.0
2022-03-04,55.66999816894531,56.900001525878906,55.25,56.5099983215332,16729000.0
2022-03-07,56.310001373291016,56.439998626708984,55.52000045776367,55.59000015258789,21350900.0
2022-03-08,55.70000076293945,55.86000061035156,54.06999969482422,54.400001525878906,23642400.0
2022-03-09,55.63999938964844,56.25,55.25,55.91999816894531,19150900.0
2022-03-10,54.400001525878906,55.15999984741211,53.970001220703125,54.709999084472656,18550900.0
2022-03-11,55.290000915527344,56.209999084472656,54.599998474121094,54.689998626708984,20330300.0
2022-03-14,54.72999954223633,55.400001525878906,54.0,54.29999923706055,17977500.0
2022-03-15,54.41999816894531,55.72999954223633,54.41999816894531,55.599998474121094,18829100.0
2022-03-16,55.93000030517578,56.0,54.599998474121094,55.810001373291016,21821800.0
2022-03-17,55.4900016784668,56.29999923706055,55.349998474121094,56.16999816894531,18830500.0
2022-03-18,56.029998779296875,56.41999816894531,55.540000915527344,55.970001220703125,51807200.0
2022-03-21,56.060001373291016,56.54999923706055,55.52000045776367,56.0,29174600.0
2022-03-22,56.36000061035156,56.720001220703125,56.09000015258789,56.16999816894531,29287900.0
2022-03-23,55.900001525878906,56.09000015258789,54.45000076293945,54.47999954223633,19742100.0
2022-03-24,54.66999816894531,54.689998626708984,53.68000030517578,54.5,20551500.0
2022-03-25,54.61000061035156,55.18000030517578,54.400001525878906,54.970001220703125,18090600.0
2022-03-28,54.79999923706055,55.15999984741211,54.41999816894531,55.13999938964844,17164600.0
2022-03-29,55.66999816894531,56.310001373291016,55.040000915527344,55.66999816894531,20036500.0
2022-03-30,55.75,56.939998626708984,55.59000015258789,56.04999923706055,16125400.0
2022-03-31,56.040000915527344,56.880001068115234,55.720001220703125,55.7599983215332,27587700.0
2022-04-01,56.16999816894531,56.189998626708984,54.88999938964844,55.65999984741211,17465100.0
2022-04-04,55.459999084472656,56.119998931884766,54.9900016784668,55.869998931884766,19629200.0
2022-04-05,55.20000076293945,55.59000015258789,54.66999816894531,54.91999816894531,16063600.0
2022-04-06,54.689998626708984,54.7599983215332,53.84000015258789,54.369998931884766,19644100.0
2022-04-07,54.43000030517578,54.849998474121094,53.7400016784668,54.630001068115234,15739000.0
2022-04-08,54.84000015258789,54.90999984741211,54.0099983215332,54.279998779296875,18148200.0
2022-04-11,53.91999816894531,53.95000076293945,52.790000915527344,52.880001068115234,20992100.0
2022-04-12,51.70000076293945,52.95000076293945,51.47999954223633,51.81999969482422,25254200.0
2022-04-13,51.84000015258789,52.36000061035156,51.40999984741211,52.150001525878906,17004600.0
2022-04-14,52.08000183105469,52.380001068115234,51.119998931884766,51.16999816894531,18024800.0
2022-04-18,50.880001068115234,51.560001373291016,50.79999923706055,51.11000061035156,13990700.0
2022-04-19,51.0,51.939998626708984,50.91999816894531,51.83000183105469,15490900.0
2022-04-20,52.220001220703125,53.66999816894531,52.150001525878906,53.02000045776367,19526200.0
2022-04-21,53.34000015258789,53.83000183105469,52.72999954223633,52.779998779296875,17147300.0
2022-04-22,52.91999816894531,52.959999084472656,51.290000915527344,51.36000061035156,17693000.0
2022-04-25,51.45000076293945,51.97999954223633,50.540000915527344,51.939998626708984,18677000.0
2022-04-26,51.880001068115234,51.939998626708984,50.869998931884766,50.900001525878906,19238300.0
2022-04-27,50.90999984741211,51.11000061035156,49.25,49.310001373291016,33668600.0
2022-04-28,49.529998779296875,50.779998779296875,49.209999084472656,50.630001068115234,20170700.0
2022-04-29,50.5099983215332,50.63999938964844,48.869998931884766,48.97999954223633,20281400.0
2022-05-02,49.34000015258789,49.90999984741211,48.93000030517578,49.86000061035156,22499200.0
2022-05-03,49.77000045776367,50.36000061035156,49.529998779296875,49.91999816894531,15828200.0
2022-05-04,50.029998779296875,51.65999984741211,49.66999816894531,51.58000183105469,23942300.0
2022-05-05,51.150001525878906,51.209999084472656,49.15999984741211,49.61000061035156,24846500.0
2022-05-06,49.150001525878906,49.84000015258789,48.849998474121094,49.33000183105469,21743900.0
2022-05-09,49.0,49.41999816894531,48.66999816894531,48.959999084472656,22421200.0
2022-05-10,49.709999084472656,50.2400016784668,49.150001525878906,49.54999923706055,21741100.0
2022-05-11,49.09000015258789,49.63999938964844,48.58000183105469,48.650001525878906,23872100.0
2022-05-12,48.630001068115234,48.779998779296875,47.470001220703125,48.290000915527344,25951000.0
2022-05-13,48.709999084472656,49.630001068115234,48.529998779296875,49.560001373291016,18954500.0
2022-05-16,49.65999984741211,49.65999984741211,48.880001068115234,49.0,20254500.0
2022-05-17,49.68000030517578,50.720001220703125,49.5099983215332,50.599998474121094,18780600.0
2022-05-18,50.470001220703125,50.470001220703125,48.209999084472656,48.36000061035156,40672700.0
2022-05-19,43.060001373291016,43.93000030517578,41.02000045776367,41.720001220703125,97674600.0
2022-05-20,41.86000061035156,43.0,41.52000045776367,42.939998626708984,46148700.0
2022-05-23,43.34000015258789,43.81999969482422,42.939998626708984,43.349998474121094,27366600.0
2022-05-24,43.400001525878906,44.060001373291016,42.5,43.77000045776367,30053900.0
2022-05-25,43.75,44.41999816894531,43.189998626708984,44.0,25504600.0
2022-05-26,44.04999923706055,45.529998779296875,44.04999923706055,44.9900016784668,28294700.0
2022-05-27,45.119998931884766,45.63999938964844,44.95000076293945,45.619998931884766,23882100.0
2022-05-31,45.27000045776367,45.61000061035156,44.7400016784668,45.04999923706055,64821200.0
2022-06-01,45.54999923706055,45.79999923706055,44.77000045776367,45.22999954223633,20666000.0
2022-06-02,45.18000030517578,45.79999923706055,44.900001525878906,45.790000915527344,20546800.0
2022-06-03,45.54999923706055,45.7400016784668,45.119998931884766,45.25,17947000.0
2022-06-06,45.599998474121094,46.09000015258789,45.130001068115234,45.33000183105469,12641900.0
2022-06-07,44.81999969482422,45.650001525878906,44.720001220703125,45.56999969482422,14667200.0
2022-06-08,45.45000076293945,45.630001068115234,44.880001068115234,44.91999816894531,16263800.0
2022-06-09,44.83000183105469,45.27000045776367,44.2400016784668,44.2599983215332,18417700.0
2022-06-10,43.79999923706055,43.9900016784668,43.290000915527344,43.4900016784668,20262400.0
2022-06-13,43.060001373291016,43.84000015258789,42.88999938964844,43.2400016784668,29050800.0
2022-06-14,43.630001068115234,43.70000076293945,42.56999969482422,42.90999984741211,22499100.0
2022-06-15,43.369998931884766,44.43000030517578,43.099998474121094,43.79999923706055,22525100.0
2022-06-16,42.810001373291016,43.40999984741211,42.810001373291016,43.31999969482422,27049000.0
2022-06-17,43.36000061035156,44.0,43.2400016784668,43.38999938964844,59678600.0
2022-06-21,43.810001373291016,44.279998779296875,43.70000076293945,44.13999938964844,23277900.0
2022-06-22,43.470001220703125,44.119998931884766,43.16999816894531,43.56999969482422,19942300.0
2022-06-23,43.40999984741211,43.459999084472656,42.720001220703125,42.93000030517578,33801700.0
2022-06-24,43.439998626708984,44.220001220703125,43.2400016784668,44.099998474121094,30543800.0
2022-06-27,44.290000915527344,44.290000915527344,43.630001068115234,43.77000045776367,22755300.0
2022-06-28,43.90999984741211,44.470001220703125,42.9900016784668,43.060001373291016,20091300.0
2022-06-29,43.13999938964844,43.2599983215332,42.689998626708984,42.880001068115234,13450800.0
2022-06-30,42.369998931884766,43.13999938964844,42.189998626708984,42.63999938964844,24947900.0
2022-07-01,42.52000045776367,42.70000076293945,41.56999969482422,42.599998474121094,24338500.0
2022-07-05,41.52000045776367,41.970001220703125,40.81999969482422,41.959999084472656,24442600.0
2022-07-06,42.119998931884766,42.93000030517578,42.0099983215332,42.689998626708984,17250400.0
2022-07-07,42.880001068115234,43.36000061035156,42.790000915527344,43.220001220703125,22316700.0
2022-07-08,43.029998779296875,43.61000061035156,42.939998626708984,43.38999938964844,11817000.0
2022-07-11,43.34000015258789,43.68000030517578,43.06999969482422,43.25,15245200.0
2022-07-12,43.58000183105469,43.83000183105469,42.65999984741211,42.86000061035156,17385300.0
2022-07-13,41.849998474121094,43.04999923706055,41.79999923706055,42.70000076293945,16854200.0
2022-07-14,41.790000915527344,42.470001220703125,41.349998474121094,42.33000183105469,17336200.0
2022-07-15,42.5,43.130001068115234,42.5,43.06999969482422,19897800.0
2022-07-18,43.29999923706055,43.31999969482422,42.40999984741211,42.599998474121094,16743800.0
2022-07-19,42.81999969482422,44.09000015258789,42.650001525878906,44.029998779296875,22861400.0
2022-07-20,44.08000183105469,44.31999969482422,43.65999984741211,44.130001068115234,15599200.0
2022-07-21,44.290000915527344,44.689998626708984,44.06999969482422,44.58000183105469,15364600.0
2022-07-22,44.779998779296875,44.91999816894531,44.25,44.459999084472656,14854600.0
2022-07-25,44.65999984741211,44.65999984741211,44.11000061035156,44.34000015258789,12954700.0
2022-07-26,44.369998931884766,44.540000915527344,43.75,43.83000183105469,19513000.0
2022-07-27,44.189998626708984,44.790000915527344,43.83000183105469,44.63999938964844,22349000.0
2022-07-28,44.880001068115234,45.869998931884766,44.709999084472656,45.619998931884766,17576200.0
2022-07-29,45.11000061035156,45.4900016784668,44.83000183105469,45.369998931884766,23701700.0
2022-08-01,45.060001373291016,45.43000030517578,44.7599983215332,45.279998779296875,14153400.0
2022-08-02,45.52000045776367,45.70000076293945,44.900001525878906,44.91999816894531,15005400.0
2022-08-03,44.900001525878906,45.81999969482422,44.790000915527344,45.709999084472656,14943800.0
2022-08-04,45.900001525878906,45.93000030517578,45.0099983215332,45.380001068115234,15249300.0
2022-08-05,44.90999984741211,45.06999969482422,44.540000915527344,45.0099983215332,19533900.0
2022-08-08,45.4900016784668,45.52000045776367,44.86000061035156,45.02000045776367,15465600.0
2022-08-09,45.150001525878906,45.18000030517578,44.720001220703125,44.91999816894531,12826200.0
2022-08-10,45.709999084472656,46.060001373291016,45.43000030517578,46.02000045776367,18935400.0
2022-08-11,46.11000061035156,46.43000030517578,45.77000045776367,45.900001525878906,15849000.0
2022-08-12,46.09000015258789,46.61000061035156,45.970001220703125,46.61000061035156,16967600.0
2022-08-15,46.38999938964844,46.619998931884766,46.029998779296875,46.59000015258789,15456100.0
2022-08-16,46.56999969482422,47.0099983215332,46.439998626708984,46.77000045776367,21153700.0
2022-08-17,46.36000061035156,47.099998474121094,46.22999954223633,46.65999984741211,27975600.0
2022-08-18,49.79999923706055,50.0,49.11000061035156,49.369998931884766,39999900.0
2022-08-19,49.0099983215332,49.459999084472656,48.540000915527344,48.70000076293945,23130400.0
2022-08-22,48.470001220703125,48.5,47.52000045776367,47.709999084472656,20534100.0
2022-08-23,47.59000015258789,48.040000915527344,47.38999938964844,47.40999984741211,13764600.0
2022-08-24,47.09000015258789,47.40999984741211,46.869998931884766,47.06999969482422,14946500.0
2022-08-25,47.25,47.43000030517578,46.84000015258789,47.27000045776367,23039300.0
2022-08-26,47.08000183105469,47.27000045776367,45.880001068115234,45.88999938964844,20309800.0
2022-08-29,45.720001220703125,46.0,45.4900016784668,45.709999084472656,13425700.0
2022-08-30,45.75,45.869998931884766,44.959999084472656,45.2400016784668,14279100.0
2022-08-31,45.779998779296875,45.83000183105469,44.59000015258789,44.720001220703125,23006100.0
2022-09-01,44.56999969482422,45.34000015258789,44.400001525878906,45.290000915527344,16236400.0
2022-09-02,45.709999084472656,45.91999816894531,44.279998779296875,44.59000015258789,14720900.0
2022-09-06,44.65999984741211,44.790000915527344,43.97999954223633,44.470001220703125,14366100.0
2022-09-07,44.75,45.16999816894531,44.349998474121094,45.02000045776367,18297400.0
2022-09-08,44.7599983215332,45.470001220703125,44.619998931884766,45.369998931884766,14231500.0
2022-09-09,45.65999984741211,45.88999938964844,45.400001525878906,45.77000045776367,15499300.0
2022-09-12,46.11000061035156,46.72999954223633,45.970001220703125,46.400001525878906,17923000.0
2022-09-13,45.720001220703125,45.90999984741211,44.02000045776367,44.11000061035156,23028600.0
2022-09-14,44.040000915527344,44.27000045776367,43.560001373291016,43.959999084472656,27551500.0
2022-09-15,43.810001373291016,43.869998931884766,43.09000015258789,43.290000915527344,18148600.0
2022-09-16,43.11000061035156,43.58000183105469,42.790000915527344,43.29999923706055,32696100.0
2022-09-19,42.900001525878906,43.439998626708984,42.7599983215332,43.29999923706055,13667500.0
2022-09-20,43.0099983215332,43.02000045776367,42.2599983215332,42.58000183105469,16813900.0
2022-09-21,42.31999969482422,42.869998931884766,41.56999969482422,41.59000015258789,21415900.0
2022-09-22,41.34000015258789,41.54999923706055,41.13999938964844,41.150001525878906,16691000.0
2022-09-23,41.25,41.25,40.119998931884766,40.65999984741211,19067700.0
2022-09-26,40.65999984741211,41.189998626708984,40.369998931884766,40.58000183105469,22694800.0
2022-09-27,41.13999938964844,41.459999084472656,40.22999954223633,40.52000045776367,15027900.0
2022-09-28,40.849998474121094,41.56999969482422,40.59000015258789,41.34000015258789,23217700.0
2022-09-29,41.04999923706055,41.099998474121094,40.150001525878906,40.56999969482422,19496400.0
2022-09-30,40.65999984741211,41.040000915527344,39.959999084472656,40.0,27989900.0
2022-10-03,40.66999816894531,41.529998779296875,40.470001220703125,41.290000915527344,22203600.0
2022-10-04,41.560001373291016,42.040000915527344,41.38999938964844,41.81999969482422,22889400.0
2022-10-05,41.59000015258789,42.25,41.400001525878906,41.9900016784668,14289700.0
2022-10-06,41.650001525878906,42.09000015258789,41.369998931884766,41.52000045776367,18198800.0
2022-10-07,41.25,41.25,40.08000183105469,40.27000045776367,19055400.0
2022-10-10,40.630001068115234,40.810001373291016,39.599998474121094,39.88999938964844,16628400.0
2022-10-11,39.810001373291016,40.11000061035156,39.27000045776367,39.58000183105469,19386400.0
2022-10-12,39.70000076293945,39.86000061035156,39.25,39.27000045776367,17279900.0
2022-10-13,39.029998779296875,40.79999923706055,38.599998474121094,40.61000061035156,26328300.0
2022-10-14,40.84000015258789,40.959999084472656,39.91999816894531,40.20000076293945,19571000.0
2022-10-17,41.040000915527344,41.529998779296875,40.95000076293945,41.29999923706055,27845200.0
2022-10-18,41.91999816894531,42.220001220703125,41.2599983215332,41.790000915527344,18223300.0
2022-10-19,41.630001068115234,42.2400016784668,41.470001220703125,41.880001068115234,19071700.0
2022-10-20,41.560001373291016,42.619998931884766,41.459999084472656,41.709999084472656,16830500.0
2022-10-21,41.849998474121094,42.970001220703125,41.810001373291016,42.79999923706055,25035000.0
2022-10-24,43.119998931884766,43.72999954223633,42.900001525878906,43.540000915527344,18785300.0
2022-10-25,43.34000015258789,44.400001525878906,43.20000076293945,44.36000061035156,19165200.0
2022-10-26,44.93000030517578,45.22999954223633,44.279998779296875,44.380001068115234,20051000.0
2022-10-27,44.77000045776367,45.09000015258789,44.36000061035156,44.41999816894531,18102500.0
2022-10-28,44.689998626708984,45.709999084472656,44.650001525878906,45.63999938964844,17978300.0
2022-10-31,45.310001373291016,45.63999938964844,45.060001373291016,45.43000030517578,17793700.0
2022-11-01,45.58000183105469,45.790000915527344,45.060001373291016,45.459999084472656,12088700.0
2022-11-02,45.470001220703125,46.209999084472656,44.54999923706055,44.56999969482422,15308800.0
2022-11-03,44.029998779296875,44.150001525878906,43.38999938964844,43.849998474121094,17895600.0
2022-11-04,44.5,45.08000183105469,43.83000183105469,44.52000045776367,19648700.0
2022-11-07,44.83000183105469,44.97999954223633,44.40999984741211,44.54999923706055,21383000.0
2022-11-08,44.689998626708984,45.349998474121094,44.18000030517578,44.61000061035156,17503100.0
2022-11-09,44.5099983215332,44.720001220703125,43.88999938964844,43.90999984741211,19311700.0
2022-11-10,45.70000076293945,45.810001373291016,44.650001525878906,45.65999984741211,27190100.0
2022-11-11,45.18000030517578,45.31999969482422,43.91999816894531,44.790000915527344,25961800.0
2022-11-14,44.83000183105469,45.439998626708984,44.68000030517578,44.7400016784668,21091300.0
2022-11-15,45.040000915527344,45.2400016784668,44.45000076293945,44.900001525878906,19318000.0
2022-11-16,44.939998626708984,44.97999954223633,44.29999923706055,44.38999938964844,24939600.0
2022-11-17,46.189998626708984,46.849998474121094,45.15999984741211,46.59000015258789,38887800.0
2022-11-18,46.90999984741211,48.040000915527344,46.86000061035156,47.790000915527344,30843200.0
2022-11-21,47.61000061035156,48.290000915527344,47.560001373291016,47.619998931884766,17049500.0
2022-11-22,48.0,48.41999816894531,47.7599983215332,48.380001068115234,16367800.0
2022-11-23,48.400001525878906,48.9900016784668,48.31999969482422,48.56999969482422,12065600.0
2022-11-25,48.75,49.04999923706055,48.349998474121094,48.400001525878906,8492600.0
2022-11-28,48.290000915527344,48.470001220703125,47.91999816894531,48.08000183105469,14976600.0
2022-11-29,48.25,48.40999984741211,47.84000015258789,48.279998779296875,13779300.0
2022-11-30,48.16999816894531,49.83000183105469,47.959999084472656,49.720001220703125,29919700.0
2022-12-01,49.880001068115234,50.459999084472656,49.689998626708984,49.970001220703125,18559500.0
2022-12-02,49.22999954223633,49.84000015258789,48.91999816894531,49.70000076293945,12325100.0
2022-12-05,49.54999923706055,49.63999938964844,49.16999816894531,49.33000183105469,13795900.0
2022-12-06,49.439998626708984,49.439998626708984,48.2599983215332,48.59000015258789,15443800.0
2022-12-07,48.400001525878906,48.54999923706055,48.060001373291016,48.18000030517578,15171700.0
2022-12-08,48.65999984741211,49.20000076293945,48.619998931884766,48.9900016784668,16015800.0
2022-12-09,49.099998474121094,49.16999816894531,48.439998626708984,48.459999084472656,14303200.0
2022-12-12,48.79999923706055,49.31999969482422,48.369998931884766,49.29999923706055,15425300.0
2022-12-13,50.33000183105469,50.709999084472656,49.22999954223633,49.63999938964844,22705900.0
2022-12-14,49.7400016784668,50.060001373291016,48.81999969482422,49.29999923706055,19050400.0
2022-12-15,48.959999084472656,49.04999923706055,47.7400016784668,48.150001525878906,19372500.0
2022-12-16,47.40999984741211,48.0,47.08000183105469,47.810001373291016,66125400.0
2022-12-19,47.65999984741211,47.959999084472656,47.13999938964844,47.400001525878906,17986300.0
2022-12-20,47.40999984741211,47.560001373291016,46.790000915527344,47.369998931884766,15086200.0
2022-12-21,47.689998626708984,47.959999084472656,47.41999816894531,47.65999984741211,15599400.0
2022-12-22,47.4900016784668,47.4900016784668,46.689998626708984,47.31999969482422,23118500.0
2022-12-23,47.25,47.4900016784668,47.0099983215332,47.47999954223633,9554400.0
2022-12-27,47.66999816894531,47.709999084472656,47.220001220703125,47.529998779296875,12066200.0
2022-12-28,47.689998626708984,47.77000045776367,46.97999954223633,47.06999969482422,9847400.0
2022-12-29,47.2599983215332,47.7400016784668,47.2599983215332,47.5,11396500.0
2022-12-30,47.27000045776367,47.66999816894531,46.95000076293945,47.63999938964844,13199800.0
